command,condition,n,completed,ik_failure_frames,mean_vx_mps_mean,mean_vx_mps_min,mean_vx_mps_max,velocity_rmse_mps_mean,velocity_rmse_mps_min,velocity_rmse_mps_max,absolute_mechanical_work_j_mean,absolute_mechanical_work_j_min,absolute_mechanical_work_j_max,mechanical_cost_of_transport_mean,mechanical_cost_of_transport_min,mechanical_cost_of_transport_max,slip_distance_m_mean,slip_distance_m_min,slip_distance_m_max,minimum_upright_mean,minimum_upright_min,minimum_upright_max,yaw_change_degrees_mean,yaw_change_degrees_min,yaw_change_degrees_max,lateral_drift_m_mean,lateral_drift_m_min,lateral_drift_m_max,mean_stride_clip_fraction_mean,mean_stride_clip_fraction_min,mean_stride_clip_fraction_max
0.18,no_roll,8,8,0,0.09312701807968202,0.09105995605224708,0.0948119439311314,0.09796980716112925,0.09621924532908468,0.0999616351958287,36.60485893998995,36.26958959859868,37.09444188883383,1.2038256016063287,1.1798848101124124,1.2243464837657876,0.26558343468686935,0.2616568225203047,0.269785807867465,0.9999762354960029,0.9999723909027382,0.9999783595656027,-0.6034819410799335,-1.2218288692995005,0.006671411897674409,0.004908158153339488,0.0011235480090575631,0.008038348780858035,0.0,0.0,0.0
0.18,pair_12,8,8,0,0.1084572572119321,0.10691434956088751,0.11069759881548524,0.08169057965556488,0.08029430293473329,0.08429798029679349,38.12612397342252,37.77093248971846,38.76650329749273,1.0762251406272405,1.0601102519464334,1.08617717642277,0.2947419217024771,0.28375505602122886,0.30050648474685376,0.999873262612754,0.999612958109197,0.99997249970642,-0.9067871406655679,-5.344259595165055,3.9031733690442136,0.017419511953369906,0.0018576630943504208,0.03964853561916566,0.0,0.0,0.0
0.18,pair_56,8,8,0,0.10290716988112784,0.10043249510255792,0.10442621833455724,0.0901426159186349,0.08839891163946355,0.09238661068157664,37.235175008313405,36.99479576102306,37.54954139805595,1.1079308887450394,1.0975274254635448,1.1287642008735177,0.3117604894786282,0.3103792871790051,0.31397024306478527,0.9999369681073588,0.9999313132481421,0.9999478760954923,0.14783003621342303,-1.19227336434046,1.519842682063329,0.013864005090027422,0.0021630418839824485,0.03282106210415757,0.0,0.0,0.0
0.18,corners,8,8,0,0.1157093818672704,0.11420741257182965,0.11774879448372236,0.07621914430029333,0.07533230569606822,0.07841770109631782,37.93543699742105,37.69480671951342,38.34675885487879,1.003628867515957,0.9960975046120627,1.012927112601137,0.3122570029652869,0.30842113967938783,0.3145248728556087,0.9998569220857639,0.9995923428613089,0.9999690540609167,0.1470508961648589,-3.821067297307768,4.975431203545737,0.0193526897997857,0.0008175340345151041,0.0546255484490258,0.0,0.0,0.0
0.18,tripod_equal_budget,8,8,0,0.04770218113106123,0.04743964295226459,0.0481244138665886,0.13550732658679954,0.1350944201093032,0.13575388346159004,19.036824815187174,18.978436003473917,19.21510415805913,1.2219223793821001,1.2081209661647145,1.2361454062989756,0.406920559426305,0.4052088328794283,0.4089426309443286,0.9999889952011347,0.9999885741121769,0.9999891988767899,-0.13404153490741066,-0.8426040544639355,0.5562812763843167,0.006880790815865123,0.005089043894320152,0.007803481335430577,0.0,0.0,0.0
0.45,no_roll,8,8,0,0.137456123765633,0.13391149911078415,0.1398218859590983,0.3183185383612547,0.3154301884654875,0.3229979345830899,57.33130499397858,54.496539987097385,61.63645284569055,1.2770037999076336,1.2302210946964542,1.3543692464565762,0.38294938608403184,0.36986344630442136,0.40356443534121395,0.9997918048563865,0.9996841339285305,0.9998491600748695,0.44084791469393925,-3.026166953123381,4.076270208677997,0.006290448695477664,0.00034377222361398014,0.01418336489465182,0.98,0.98,0.98
0.45,pair_12,8,8,0,0.27754611321253186,0.26253050380441856,0.28910592899641063,0.18891815123164424,0.18287513260943802,0.20083621846886995,91.03709130379112,90.18896453361062,92.69156434069079,1.00423792960545,0.9806424253537703,1.06176457128412,0.5809370138344171,0.4777105193523337,0.6642991528997362,0.999828146519855,0.9996836533207518,0.9999432788728464,-3.6161961003127865,-9.743195981868773,2.8633173527563875,0.07079241528894539,0.0049249205102045645,0.18824544232741827,0.65427083333333,0.65333333333333,0.6558333333333302
0.45,pair_56,8,8,0,0.16274964931665148,0.15671603367981257,0.17000544594685735,0.2989828664648603,0.29439213337523673,0.3036187254939789,69.16008317352207,66.38436578518123,72.92879538979658,1.2988938480356587,1.2621399503572037,1.3133606046751303,0.5281485412299552,0.5209330121898919,0.5360403077483533,0.9997095272786793,0.9995910852342828,0.9997942146780711,0.3440787202649037,-2.0544672899325622,3.078444430663838,0.07195866732851201,0.03367581299835015,0.1126908033730555,0.65427083333333,0.65333333333333,0.6558333333333302
0.45,corners,8,8,0,0.2851561903663488,0.28251999093644947,0.2875874656192277,0.18837822210683003,0.1844087628154871,0.19235938676655148,89.32520261009219,89.04019287242427,89.65095760526837,0.9583664820983211,0.9483910082807444,0.9682047205230504,0.6303027781697612,0.6113652551782333,0.6470451981623849,0.9997407213284335,0.9995601096236408,0.9998576349910102,0.4479162315167494,-3.834498535779095,4.960215491604579,0.09392210522819214,0.037823582858450375,0.1469192453058579,0.32854166666666507,0.326666666666665,0.33166666666666517
0.45,tripod_equal_budget,8,8,0,0.13290473776262823,0.11935981454658648,0.13813486477669776,0.32380429990499093,0.31616470199428076,0.3445562834767026,64.75207708815219,59.610674915495764,77.57797044346229,1.5003178654033522,1.327850462254596,1.9841007267914212,0.45559133338116764,0.4232199959855091,0.5206411462719434,0.9997812317940935,0.999211278540008,0.9999626568259357,-2.5310758673043567,-8.464874363906516,1.5926507572869888,0.051283501132198976,0.010016490372565866,0.13039362460528942,0.98,0.98,0.98
